{
    "0": {
        "unoptim": {
            "spsr": {
                "target": 3.580979585647583,
                "servicer": 1.1676795482635498,
                "solar_orbiter": 1.3442559242248535,
            },
            "resr": {
                "target": 37.011759757995605,
                "servicer": 4.449473142623901,
                "solar_orbiter": 2.445111036300659,
            },
            "bpivot": {
                "target": 744.3341331481934,
                "servicer": 5.623213052749634,
                "solar_orbiter": 2.3322746753692627,
            },
            "advancing": {
                "target": 19.919713735580444,
                "servicer": 1.8544251918792725,
                "solar_orbiter": 1.5620582103729248,
            },
            "scale_space": {
                "target": 38.214505672454834,
                "servicer": 5.298109769821167,
                "solar_orbiter": 3.2671310901641846,
            },
        },
        "optim": {
            "spsr": {
                "target": 25.73069739341736,
                "servicer": 8.517558813095093,
                "solar_orbiter": 6.1018455028533936,
            },
            "resr": {
                "target": 33.78913116455078,
                "servicer": 4.252585411071777,
                "solar_orbiter": 2.436807870864868,
            },
            "bpivot": {
                "target": 20.30494451522827,
                "servicer": 2.968879461288452,
                "solar_orbiter": 1.881211757659912,
            },
            "advancing": {
                "target": 23.219010591506958,
                "servicer": 1.8441143035888672,
                "solar_orbiter": 1.5466339588165283,
            },
            "scale_space": {
                "target": 31.107208013534546,
                "servicer": 3.447064161300659,
                "solar_orbiter": 2.413532018661499,
            },
        },
    },
    "1": {
        "unoptim": {
            "spsr": {
                "target": 1.820340871810913,
                "servicer": 1.722872018814087,
                "solar_orbiter": 0.8043675422668457,
            },
            "resr": {
                "target": 2.517108201980591,
                "servicer": 0.7672250270843506,
                "solar_orbiter": 0.21719574928283691,
            },
            "bpivot": {
                "target": 0.7240602970123291,
                "servicer": 0.2101428508758545,
                "solar_orbiter": 0.07767772674560547,
            },
            "advancing": {
                "target": 1.010164499282837,
                "servicer": 0.17514848709106445,
                "solar_orbiter": 0.07200956344604492,
            },
            "scale_space": {
                "target": 2.7983832359313965,
                "servicer": 0.6320798397064209,
                "solar_orbiter": 0.2268657684326172,
            },
        },
        "optim": {
            "spsr": {
                "target": 1.655416488647461,
                "servicer": 0.8785030841827393,
                "solar_orbiter": 0.7161896228790283,
            },
            "resr": {
                "target": 2.190326452255249,
                "servicer": 0.49248528480529785,
                "solar_orbiter": 0.14798927307128906,
            },
            "bpivot": {
                "target": 0.8822004795074463,
                "servicer": 0.20360803604125977,
                "solar_orbiter": 0.07516241073608398,
            },
            "advancing": {
                "target": 1.1222665309906006,
                "servicer": 0.2229146957397461,
                "solar_orbiter": 0.07108020782470703,
            },
            "scale_space": {
                "target": 2.2792000770568848,
                "servicer": 0.5749540328979492,
                "solar_orbiter": 0.1896500587463379,
            },
        },
    },
    "2": {
        "unoptim": {
            "spsr": {
                "target": 3.860394239425659,
                "servicer": 1.5524275302886963,
                "solar_orbiter": 1.0296423435211182,
            },
            "resr": {
                "target": 29.41794180870056,
                "servicer": 4.05755090713501,
                "solar_orbiter": 2.2454662322998047,
            },
            "bpivot": {
                "target": 34.27695417404175,
                "servicer": 2.077247381210327,
                "solar_orbiter": 1.0520472526550293,
            },
            "advancing": {
                "target": 17.961078643798828,
                "servicer": 2.1130855083465576,
                "solar_orbiter": 0.9810371398925781,
            },
            "scale_space": {
                "target": 36.74525833129883,
                "servicer": 4.9551403522491455,
                "solar_orbiter": 2.8496837615966797,
            },
        },
        "optim": {
            "spsr": {
                "target": 22.837395191192627,
                "servicer": 6.387805461883545,
                "solar_orbiter": 5.217549562454224,
            },
            "resr": {
                "target": 30.33577036857605,
                "servicer": 4.20136022567749,
                "solar_orbiter": 2.0488710403442383,
            },
            "bpivot": {
                "target": 13.11359190940857,
                "servicer": 1.896428108215332,
                "solar_orbiter": 1.2490320205688477,
            },
            "advancing": {
                "target": 18.169869661331177,
                "servicer": 2.2735934257507324,
                "solar_orbiter": 0.8877639770507812,
            },
            "scale_space": {
                "target": 20.930977821350098,
                "servicer": 2.4467382431030273,
                "solar_orbiter": 1.459841251373291,
            },
        },
    },
}
